id,xxx,prediction
0,R49EOALLZ,clust0
1,KUL5GUP4K,clust0
2,WMKA01KZL,clust0
3,M63BPTX3O,clust0
4,2ITFS2CSX,clust0
5,WZWDJOYWP,clust0
6,VQHYOIJXB,clust0
7,4TCKKFPDC,clust0
8,VRMBFPXU1,clust0
9,6F4XDSLVC,clust0
10,PEEH3WXNL,clust0
11,FVLAISWKQ,clust0
12,CMTLLG7EM,clust0
13,M51ZY1V3X,clust0
14,GPE9DP0VI,clust0
15,3TZ705W3C,clust0
16,4QMKXZGJ4,clust0
17,DMGHRVLKS,clust0
18,9H1YTBNX5,clust0
19,SWTLMUK90,clust0
20,FO6CNFYRA,clust0
21,QK7IAE1CS,clust0
22,ZNJP4U625,clust0
23,FNMC0MVYG,clust0
24,XJMVX555U,clust0
25,NWZWEA5SQ,clust0
26,NRGFGYQEG,clust0
27,HD9DJ3U5Y,clust0
28,FADQAB51D,clust0
29,SMP6BHOTH,clust0
30,XV6B6P0MI,clust0
31,SGN6OS97M,clust0
32,6UXJC0443,clust0
33,R086L2ZB4,clust0
34,PLL0LEWKE,clust0
35,UD2WEXWWG,clust0
36,M5LM8GKN1,clust0
37,9K2ZFSQOJ,clust0
38,IOVFNXNFW,clust0
39,2TTG8SDRB,clust0
40,XLXPPLHOH,clust0
41,F5G6YLO2A,clust0
42,R80CHIQOB,clust0
43,UK7H0EHV5,clust0
44,8M3AR8QWU,clust0
45,CPFG4UMRT,clust0
46,FFMF3KHG9,clust0
47,1492JGBAL,clust0
48,POJXYTWIX,clust0
49,NBK8O3VZ7,clust0
50,JHK7A2OA1,clust0
51,FQF7BNRG9,clust0
52,AAAWX170V,clust0
53,BRFFMYP4R,clust0
54,21N0XSGVZ,clust0
55,3K9NV78OJ,clust0
56,G74J9WTRV,clust0
57,W4AJ0YX1Y,clust0
58,K0S4W56ME,clust0
59,EQWTT342X,clust0
60,0NDVS7L41,clust0
61,FLIHX7P9L,clust0
62,71O9TKF4D,clust0
63,7RO792SRG,clust0
64,TYY8OKWY6,clust0
65,T0ADZ9JRC,clust0
66,DF5FRNIM6,clust0
67,7L2E0IB4Q,clust0
68,TBR391NH6,clust0
69,LX2F1GAWC,clust0
70,AA8BUULLY,clust0
71,9DDM4TOFP,clust0
72,4TK04NHWL,clust0
73,B7V2BHIAE,clust0
74,DGTBH1N7R,clust0
75,CRQWPE455,clust0
76,6CV27NZD6,clust0
77,XCF2N6FF4,clust0
78,C88SL0WQV,clust0
79,NQEYGOSSV,clust0
80,36QGIKGR2,clust0
81,UBNNDP008,clust0
82,NG7K8O645,clust0
83,2UT3EYXJB,clust0
84,W5ZVS39O0,clust0
85,157F6S0I0,clust0
86,FI6CSSQJ9,clust0
87,R9FUGD9TD,clust0
88,SS4IP0HBS,clust0
89,V3OO1X183,clust0
90,ZRWEIUQ07,clust0
91,J966QEMZJ,clust0
92,DPSIS0AM4,clust0
93,ZOQS2LA3U,clust0
94,SFJDAPQLI,clust0
95,4ON3ZLWNJ,clust0
96,Y3BDBEH2S,clust0
97,BYFTF1TYZ,clust0
98,BSRU9DHK3,clust0
99,4DUX4YD6R,clust0
100,SXLAJ6F4M,clust0
101,YMLVSHM3M,clust0
102,XLBPXM58W,clust0
103,PFPOQ956A,clust0
104,TOFNRJKMV,clust0
105,X5L3LU554,clust0
106,RI5IXP10B,clust0
107,FWMD3VJEB,clust0
108,4F2FNFAL6,clust0
109,BW1RAAMLK,clust0
110,10VQIJEJT,clust0
111,2HI89HVM8,clust0
112,VNL7IAO20,clust0
113,90MNEULTJ,clust0
114,CV0YCN0FS,clust0
115,7YEB2KGQN,clust0
116,Q996FVMKA,clust0
117,KJ23LVHUJ,clust0
118,ZB3U6I3GO,clust0
119,JSY8T0IMZ,clust0
120,E4YRAP7X3,clust0
121,A8GFOKF8Q,clust0
122,D5ZAYGFG8,clust0
123,R0B3JMB06,clust0
124,FYDE7OC9X,clust0
125,PALQ259WV,clust0
126,IZVL1SW04,clust0
127,EPI6DHJ20,clust0
128,EGD15URWQ,clust0
129,U9UFJ8G3Q,clust0
130,R1IRG59KU,clust0
131,JBXXBOZ7J,clust0
132,Z5UKRU5C9,clust0
133,505J6LWAT,clust0
134,KVG30GKNK,clust0
135,X5UCST7OI,clust0
136,UVBS4DQSI,clust0
137,UNEXPL7GW,clust0
138,DAT5W4GU5,clust0
139,L2FOJ3SB9,clust0
140,P77C1TLK7,clust0
141,LJ53WUJYJ,clust0
142,AMRZG59AL,clust0
143,09QX9VZX2,clust0
144,SVG7HGNJE,clust0
145,0JDNZLZNK,clust0
146,PRYSPS4J8,clust0
147,EZVLSUVO9,clust0
148,0FGWMZ0DQ,clust0
149,AZQ3R8O7X,clust0
150,XJGVA0R24,clust0
151,VB8Q4JS9W,clust0
152,VQ5YZ22KI,clust0
153,PZI4OXKP1,clust0
154,1ANF1L93Y,clust0
155,XR34F5MJJ,clust0
156,YVGCDQ7Q6,clust0
157,D8XYVWW8V,clust0
158,4GQTHGQSG,clust0
159,K1QDAJDMY,clust0
160,GXG3V1DBW,clust0
161,0XAE7ASA9,clust0
162,JK4M2MCEB,clust0
163,GKIXNE8W0,clust0
164,YX46UXGIB,clust0
165,ODJQHTT7Q,clust0
166,2AWC747I9,clust0
167,T1PWRZ6TK,clust0
168,9ZDI7LO4D,clust0
169,TU6AZL6UE,clust0
170,2MXRZDNH6,clust0
171,7JKWZV2CY,clust0
172,9WP9F94JN,clust0
173,P8L4YVKYY,clust0
174,FPG4KMS0T,clust0
175,FK50QYNZJ,clust0
176,2JUDLYZ2O,clust0
177,HGKJSFNIF,clust0
178,T7MBNXDYC,clust0
179,AGZNHEVIA,clust0
180,77P6HT05W,clust0
181,7ZEMTWVAO,clust0
182,1G6MF1KC0,clust0
183,KSYUR1DXE,clust0
184,IYRTYO3HT,clust0
185,UM7KZXROA,clust0
186,ZWG2K4WR7,clust0
187,WLP6SGSK6,clust0
188,PDUO215VN,clust0
189,Z7OIEE9DO,clust0
190,WNUZDD60G,clust0
191,U3WQE4IXI,clust0
192,187935NP6,clust0
193,OUGL19NX0,clust0
194,Z2LN74N5Y,clust0
195,CMIU3ZFZQ,clust0
196,A5ULF7RM4,clust0
197,GYQZT8ERU,clust0
198,JXRZERL6Q,clust0
199,1D1SGSACI,clust0
200,879IAYYJE,clust0
201,URUB3FLU6,clust0
202,7NS5MQXCJ,clust0
203,5EU0NL2BT,clust0
204,U1Y0FFPJD,clust0
205,N74PSFM1T,clust0
206,1C3TLD1F2,clust0
207,LIDPBY15V,clust0
208,U9H9EUNZC,clust0
209,WMXT96JLX,clust0
210,JOPC45QH0,clust0
211,8W1503890,clust0
212,MMONN2TXY,clust0
213,Z7NASINZP,clust0
214,UF3F01080,clust0
215,3IRF1AEK5,clust0
216,TYKVXZSC9,clust0
217,0AXIE6P24,clust0
218,NFZ0X5BYO,clust0
219,JRHTP7TAO,clust0
220,TMTXP0N97,clust0
221,QL8KAAPZ3,clust0
222,HXNHNKGZI,clust0
223,M9608DT6G,clust0
224,4MWJK1AXS,clust0
225,ASADTFYAU,clust0
226,O5GE138XO,clust0
227,39W5I4DM6,clust0
228,EG5MOJTNK,clust0
229,MY7WDECK1,clust0
230,6XVPXR76R,clust0
231,10E1JGL3L,clust0
232,YDY6U6937,clust0
233,PXWHJVFUA,clust0
234,AYKG94B15,clust0
235,OZMKYDFCF,clust0
236,WMPC89ZSW,clust0
237,E19KGTF44,clust0
238,ZT7ZMXADO,clust0
239,L0W8R2KVL,clust0
240,1MR0GU72G,clust0
241,HXNOJWEA7,clust0
242,I65Y1ZI7V,clust0
243,34YCOQ769,clust0
244,DB3PTVNIC,clust0
245,G9UXAPBJX,clust0
246,HJDRNJZSU,clust0
247,J63O9JY6Q,clust0
248,N8C1KI40W,clust0
249,T0Q6N3O3T,clust0
250,Q7OS53749,clust0
251,3VM7G2Q4W,clust0
252,VV0XY3OTJ,clust0
253,2OJPS8LNE,clust0
254,7QV541RGM,clust0
255,1U2DWQH7H,clust0
256,TMMT1IMRK,clust0
257,0RKI092YF,clust0
258,FUNXCYU8C,clust0
259,4V03TEM5D,clust0
260,SFFJPF9JS,clust0
261,GY2NA0ZLP,clust0
262,5CYKX8MVG,clust0
263,A8UTMPSSW,clust0
264,HZOEK05N4,clust0
265,RTF3IIC8B,clust0
266,WOIMZVWCQ,clust0
267,PMW2S6IIH,clust0
268,880K5EH7D,clust0
269,Y8TH3PZV5,clust0
270,ZC8G8AS18,clust0
271,9YQHPUS9V,clust0
272,NZP5YBQCH,clust0
273,1AMAS1RTX,clust0
274,KZCKYUOYC,clust0
275,XVVV41I9X,clust0
276,NTMHYZYD9,clust0
277,51W63VVLS,clust0
278,Q4QRDRWJL,clust0
279,OT062JKVF,clust0
280,L45TKHBJY,clust0
281,IQ7D8KBER,clust0
282,1UOC987O9,clust0
283,XX8MKYP67,clust0
284,WNHV7V0UJ,clust0
285,KZMNFSQVG,clust0
286,J306095SW,clust0
287,W0Y2AAS32,clust0
288,Y3RT4WON0,clust0
289,Q3L4XYKCD,clust0
290,98KBIYRLA,clust0
291,DYFHEH3TU,clust0
292,LZMP85ODM,clust0
293,SHTJ4VU11,clust0
294,4NSA7CL8B,clust0
295,QLLOF1Z4A,clust0
296,I3R622QIM,clust0
297,IS2TPM28J,clust0
298,9VUD8FVK6,clust0
299,A7AB0FL48,clust0
300,1Y1SAL8SN,clust0
301,91D2WIINT,clust0
302,09U5W8BJA,clust0
303,6E7SLMTSD,clust0
304,XXEP9MSBI,clust0
305,M7DY12FNZ,clust0
306,PESKSLKNJ,clust0
307,UK7WLBTWH,clust0
308,FQGS24Q5W,clust0
309,PEVN8E0PA,clust0
310,8GXS4H7BX,clust0
311,Q3G0W6YF5,clust0
312,VUVUP92DP,clust0
313,9X7NED7PX,clust0
314,H7S5FZKO1,clust0
315,GQRQFGDPZ,clust0
316,9FD9X6RQK,clust0
317,YRUC8Z7AC,clust0
318,CHUN1VK0I,clust0
319,T5TBB1U0Y,clust0
320,6ZMOKP7SR,clust0
321,6B5EBF864,clust0
322,08QDT69TM,clust0
323,EWSRFK9SN,clust0
324,NZM6LL9M0,clust0
325,0RWU18VLB,clust0
326,1F0L8CQS0,clust0
327,SWWT411PJ,clust0
328,JFLZIFIWC,clust0
329,2T54H0AYK,clust0
330,BBK54CBJJ,clust0
331,L6RYKGFU6,clust0
332,KCXBC2KGV,clust0
333,MXAIO2HMH,clust0
334,ZWPNO151P,clust0
335,65JKZ3HK3,clust0
336,MVLSMVSFA,clust0
337,ANH6XVP9Y,clust0
338,3KBLN92U5,clust0
339,2CS634BU3,clust0
340,7LFM80RA4,clust0
341,1VR332IAA,clust0
342,4CI48510D,clust0
343,W995K9PCP,clust0
344,NS6ER6KMJ,clust0
345,QVPTVBMUF,clust0
346,SRJ1SNY64,clust0
347,161ZPLI1O,clust0
348,CAZEEAPTJ,clust0
349,6QR0I0G4D,clust0
350,PCEKPLDDL,clust0
351,Q78D3UVMR,clust0
352,5CA22GO6L,clust0
353,BYFBQ5FA9,clust0
354,E1M9KNIHD,clust0
355,L6AJSWGDR,clust0
356,49X1QLB56,clust0
357,YGQUPCJNX,clust0
358,M0C5U013G,clust0
359,C1WCLE139,clust0
360,XBBS267UH,clust0
361,M2LEMIURS,clust0
362,O1EQMKY2C,clust0
363,3BK4DH4T3,clust0
364,6SUYBSQ3O,clust0
365,KNN9Y8J44,clust0
366,1WLZYTRI4,clust0
367,C659EZTE0,clust0
368,PLXSU35AP,clust0
369,YELIANY7I,clust0
370,GF0Z5QS7D,clust0
371,YT3RCNIF5,clust0
372,QW1DHEEYW,clust0
373,H426WU2BU,clust0
374,V2FTXE7PB,clust0
375,HVB2XMWNV,clust0
376,2UXC0CDS0,clust0
377,IV0Z6802E,clust0
378,V1ES6FA25,clust0
379,7Y8LN36EV,clust0
380,DQG83O5RF,clust0
381,OH42PR5VU,clust0
382,I70IUYF88,clust0
383,G9KWZASO0,clust0
384,OGEMCY2WW,clust0
385,CV5YX9Y1M,clust0
386,UB8L6962U,clust0
387,LY9HQ4DZ1,clust0
388,75C6THI8N,clust0
389,WVLQ26SKZ,clust0
390,ERQQFX3ZQ,clust0
391,8SH9PTVEZ,clust0
392,2KY8RSJ3P,clust0
393,A2J14ZVOJ,clust0
394,65OQ66LPB,clust0
395,OWHOG47C7,clust0
396,BNMCV44VR,clust0
397,ALCUCDPJK,clust0
398,F73OETZ1G,clust0
399,3GCPJH1AW,clust0
400,MIWD11F7Q,clust0
401,9OM4KY5C8,clust0
402,WEF0LGVDF,clust0
403,MSHWEYU41,clust0
404,E9OWG5M3H,clust0
405,ZIVMKXUXD,clust0
406,7ODA1UUNR,clust0
407,84JDF9FRM,clust0
408,T6QM45G65,clust0
409,Y95Q8KLQW,clust0
410,P6KVVR5VJ,clust0
411,TOAMK8ISC,clust0
412,T466HOI6S,clust0
413,YW1ZTR3FS,clust0
414,P2Y6PMRLT,clust0
415,MTCH1EW7A,clust0
416,BFK101JZW,clust0
417,SEM9H7O7A,clust0
418,O01DIQXRO,clust0
419,MJ25U5BXD,clust0
420,9Q3ONXDZ8,clust0
421,SOX3UVQOO,clust0
422,QGLUB0EVB,clust0
423,06UKJIB8G,clust0
424,NJ54Q30BC,clust0
425,Z9UC0HKAG,clust0
426,PW7RM0N63,clust0
427,ZE4OUPADO,clust0
428,9X9732B4B,clust0
429,ZFMDGU036,clust0
430,NJJBRM2T3,clust0
431,D8GNTE2SG,clust0
432,UHSIFBHG7,clust0
433,IAL6B518C,clust0
434,ETKCMOAAL,clust0
435,04KORE5KO,clust0
436,5QVTBH7VA,clust0
437,FX7XQDFNU,clust0
438,XW0XGO1NZ,clust0
439,13YVJTMOH,clust0
440,WM41WWRLD,clust0
441,D97U0Y178,clust0
442,NZM21UIVZ,clust0
443,8D3697EZA,clust0
444,7ZEWNAVGV,clust0
445,STDN3MFOI,clust0
446,DUZW4XU0G,clust0
447,7N1RKKUWE,clust0
448,X6JTY7YIY,clust0
449,TDUMXWJCD,clust0
450,829048JU7,clust0
451,2YMTTAMKZ,clust0
452,HONE8CLTZ,clust0
453,GIMT4HFIA,clust0
454,PKMXP8ABX,clust0
455,I8763H5KI,clust0
456,Y1RJRQTXI,clust0
457,VJT7ZAM0P,clust0
458,9U743AV4H,clust0
459,RVF0ROIO4,clust0
460,ZE6V7U0RH,clust0
461,EFA2HXSDR,clust0
462,CCQ5QYKME,clust0
463,XI5KPT842,clust0
464,BAZSVEKGR,clust0
465,YLLJYVP4I,clust0
466,KPJOKW3TQ,clust0
467,QO6HEXWNF,clust0
468,X42A8BJ55,clust0
469,FIW93C6V4,clust0
470,F6GTQGU32,clust0
471,HF54TZY5Z,clust0
472,LHWPF83RU,clust0
473,XFR43CDFC,clust0
474,FIQYIABRN,clust0
475,JUP9SNB3W,clust0
476,X130ZNSL2,clust0
477,EJYILYBP0,clust0
478,BMU5LCSH4,clust0
479,B61U3WSRU,clust0
480,ATV2Y1M9T,clust0
481,QNU0AIYJ9,clust0
482,XU7DTJIEX,clust0
483,9SLPB6HQ6,clust0
484,KCDQ4CXYJ,clust0
485,3Z1RV3ZJK,clust0
486,VGZBBMK4V,clust0
487,INUSC4KEH,clust0
488,E1JT57LLV,clust0
489,CG2PTQ5EP,clust0
490,4HTEY1AXK,clust0
491,EOSIPXO9S,clust0
492,2JORMMYDZ,clust0
493,D4QMWZ1Q3,clust0
494,UZZC6HJOS,clust0
495,C1AGWUA7C,clust0
496,T4L1F8PJZ,clust0
497,AEIQHUXUW,clust0
498,8GULA9L3B,clust0
499,WUGEQQW2K,clust0
500,VC02YNH4U,clust0
501,8FAA0TENF,clust0
502,1PUA61GED,clust0
503,Z7O6ZDJKJ,clust0
504,U9877KFTP,clust0
505,8PA2ABTRE,clust0
506,XOU8JCSTC,clust0
507,ENVHKFT0V,clust0
508,0NH3MA0WU,clust0
509,LKGZJQ8ST,clust0
510,3AXHCMSQX,clust0
511,0SGKQZIU9,clust0
512,CE809QOSA,clust0
513,P5D76V14G,clust0
514,4X6S5IVXW,clust0
515,VTZKSIMXA,clust0
516,M2BWGOMBE,clust0
517,SGMD6CLDX,clust0
518,OSKL1RW1W,clust0
519,TT7YL7Y6J,clust0
520,4PJ1WDE3C,clust0
521,MIPA1H06D,clust0
522,9K8L8ASNB,clust0
523,VVJTPHS2V,clust0
524,XKQVKXV0X,clust0
525,AFTPALVRU,clust0
526,NI37PZ35B,clust0
527,K3JN1GILI,clust0
528,P7A0GP6L8,clust0
529,2KTI9HR2K,clust0
530,A2XCBOQNR,clust0
531,YDFMIODA3,clust0
532,G1H96ARJ1,clust0
533,2S623WU21,clust0
534,BDHPZL57O,clust0
535,XE6T4A98P,clust0
536,JGPLDHGNM,clust0
537,CAI4IP357,clust0
538,LQPMGO4DK,clust0
539,7A8UJTRY1,clust0
540,R5TW2CA1Q,clust0
541,04AO5B0HC,clust0
542,LO7FPEUXK,clust0
543,EC5I72EWF,clust0
544,U2Y3LKXCO,clust0
545,HHS5XMABH,clust0
546,U9E5VLA0W,clust0
547,C2K1OVJXP,clust0
548,YFL08V41N,clust0
549,3W0V9YZVM,clust0
550,Y7C608NIY,clust0
551,2Z9CYUMZY,clust0
552,6ZFFRWE5S,clust0
553,VP1KPNO6R,clust0
554,N9TEPET3J,clust0
555,IKFJYU21I,clust0
556,JK1V3YRMF,clust0
557,YVH8OE0SI,clust0
558,773EFD99N,clust0
559,QFJIAKE5H,clust0
560,SMNX9KYUD,clust0
561,ETXKEUSI0,clust0
562,PRJ8V9YO0,clust0
563,MDDPTWR2N,clust0
564,T82GB8LD5,clust0
565,OI27TI0OT,clust0
566,Q4KIBT8N7,clust0
567,X6QOE5G2Y,clust0
568,ZBKVJNUVB,clust0
569,Z1ZWB5YCZ,clust0
570,PPPKMJEK4,clust0
571,WDUIAHOFE,clust0
572,7EM2YAO2E,clust0
573,97LH2HAD9,clust0
574,YP6GTPRFP,clust0
575,FB0B4PRQ0,clust0
576,8B77X84IY,clust0
577,SMNWD6GXP,clust0
578,H3HKCDOAK,clust0
579,42NA63K9A,clust0
580,5YET3H6LQ,clust0
581,ZV6H082TO,clust0
582,RXCNP6O3Z,clust0
583,YVY0EN4L8,clust0
584,Q43T3CPKF,clust0
585,3KD0RN2SW,clust0
586,J3TP6W3XZ,clust0
587,FN2R9IZZH,clust0
588,2DTNIPZ6I,clust0
589,NY33XEI54,clust0
590,DUJHKZ6K8,clust0
591,9O11IEXK0,clust0
592,06YLV2BHR,clust0
593,IPND2BYXV,clust0
594,BYLP8NB8Y,clust0
595,0TGL7T8BH,clust0
596,HVF4S25OV,clust0
597,6SSSB2FNR,clust0
598,A8J2I45XR,clust0
599,97N74P42M,clust0
600,A2VUU52I6,clust0
601,5BDBUB09X,clust0
602,FK7EF33KC,clust0
603,GZZI5PUL7,clust0
604,D7NLYO4EN,clust0
605,8CUQSBBFI,clust0
606,A945C0GD4,clust0
607,XBHTHCXPS,clust0
608,YIBI8L6D6,clust0
609,IW803WNC4,clust0
610,T6T5HQS92,clust0
611,VIZCW0L2L,clust0
612,0002Y95AH,clust0
613,MUU5J59VG,clust0
614,HELXIONBY,clust0
615,E4G0B4M9T,clust0
616,QWAXA9M15,clust0
617,YP03MZ8IP,clust0
618,SVWM8YUXR,clust0
619,A7QXC9LSZ,clust0
620,1RK5S4K68,clust0
621,SAHRJZ843,clust0
622,ZSLUQIZWW,clust0
623,PY9OIQCM0,clust0
624,KL0TB9S2A,clust0
625,IWTLSOJS3,clust0
626,TMEXH3TER,clust0
627,IGQHV0J9V,clust0
628,Z8VG1NU80,clust0
629,CBEY6MF0Z,clust0
630,Q3IRNHTVJ,clust0
631,MKKVVG956,clust0
632,21ITCQ4GC,clust0
633,GTZNK1QH3,clust0
634,G1NL6LMWY,clust0
635,XF5U6K60O,clust0
636,64LVG5L0K,clust0
637,77WTE6HLY,clust0
638,RP3KLLZFZ,clust0
639,PCCR3A7X2,clust0
640,BK52M0TE6,clust0
641,WELDL4JTZ,clust0
642,JXXNFVPQ6,clust0
643,OTS5PIXU2,clust0
644,22TFCYISH,clust0
645,RFQ86DJ84,clust0
646,GRROFO1QE,clust0
647,1I14ITNP5,clust0
648,DP3TP4UZB,clust0
649,KSGQ36M23,clust0
650,10FELDR84,clust0
651,9OCO57GE4,clust0
652,6YR8TEHRL,clust0
653,UBDZ9E34T,clust0
654,IOV3TDX3Q,clust0
655,RU7XV1S6G,clust0
656,U5UAJHR1J,clust0
657,56KGP0ZZH,clust0
658,F85YKR8YD,clust0
659,F45AVKQVY,clust0
660,O13Y541S7,clust0
661,J88UV83SR,clust0
662,ZJTYTNWB1,clust0
663,BZ7WA6VDQ,clust0
664,CL87JFL6H,clust0
665,5AWR2YF75,clust0
666,QWTSO7FGE,clust0
667,RBRU3O9ZY,clust0
668,0U308SCBJ,clust0
669,4N86SMHRT,clust0
670,5KFX4YO5G,clust0
671,V379IZNTX,clust0
672,OVGJG5ESC,clust0
673,F43FXWJKM,clust0
674,15KHVNMCV,clust0
675,D968IGNUK,clust0
676,2JWOS3B75,clust0
677,DA53MUMAR,clust0
678,D62P7B5WJ,clust0
679,H4EPHQ5T7,clust0
680,PRCEK44O2,clust0
681,47YIEAMBD,clust0
682,B8YHIX48J,clust0
683,FGEUUW54L,clust0
684,UGIYLS1MF,clust0
685,WQG6ZTPJO,clust0
686,KXG4RL6RN,clust0
687,DV7OKTG07,clust0
688,MJ4O9TVVR,clust0
689,9KHTLQ9R9,clust0
690,GVZYXB2CC,clust0
691,DANVQ39RN,clust0
692,J8XUSZ531,clust0
693,VM4BEW6L9,clust0
694,0PQ77I411,clust0
695,DMYCLA6A8,clust0
696,V81MBFK7R,clust0
697,PCOHMD9MW,clust0
698,CY6I88PBR,clust0
699,PTEWCZXPT,clust0
700,6VUM1N9BI,clust0
701,XLLDMZRYX,clust0
702,7TLFA8OEZ,clust0
703,A0H22DOQK,clust0
704,XBWEC6OGU,clust0
705,KZKIQJNY3,clust0
706,NIYD8PK3C,clust0
707,GHINA6K0W,clust0
708,EE6OIIMPA,clust0
709,QVI2JVTIZ,clust0
710,RZKG4GPR9,clust0
711,EP41P2A9O,clust0
712,L0VOKAK36,clust0
713,CETXWP21X,clust0
714,KECC3TTY1,clust0
715,DZKV13XBV,clust0
716,TLHWE3P10,clust0
717,7Q3YY83M9,clust0
718,1LUY8XZ02,clust0
719,PSUFKT25U,clust0
720,TBZCVLNCU,clust0
721,Q0WI35RIC,clust0
722,8WSAG7J3K,clust0
723,4ZOB7NL5D,clust0
724,PENNCTY2M,clust0
725,RSBN4OISE,clust0
726,L42U6SUEE,clust0
727,NS3V7ZAXM,clust0
728,03EH72R04,clust0
729,DBL7WE2TD,clust0
730,UX4YOAIXC,clust0
731,7RE2HA4WC,clust0
732,94GJ0QODA,clust0
733,GKJHAWJJO,clust0
734,LEQ5T33YJ,clust0
735,MXCVN9L63,clust0
736,5FA28D2OS,clust0
737,NJQHGVUCB,clust0
738,WG273YVZJ,clust0
739,FUE8AM7V7,clust0
740,FCR4X146P,clust0
741,KUSQZ28BQ,clust0
742,OBJ8Y0OQ0,clust0
743,R0WRVKY8Y,clust0
744,DWQI7W1F5,clust0
745,N78EX43CQ,clust0
746,VBEGC6S3T,clust0
747,J5SNDRFT4,clust0
748,TM2ZFMD0H,clust0
749,OPJWZ3ZDU,clust0
750,ALINIQXO1,clust0
751,3NWL33WY4,clust0
752,3M2CW3SJ0,clust0
753,7FJ1PZQUF,clust0
754,8GNDRSF49,clust0
755,9459GPYFN,clust0
756,TX176AWVB,clust0
757,9OIVOP9AE,clust0
758,HQVJ0TC6N,clust0
759,CGXAVDUG0,clust0
760,LDIZ2JC1U,clust0
761,WUSZKIGD9,clust0
762,JRKM02B0K,clust0
763,ZTXCZKC3M,clust0
764,18Y4QMI46,clust0
765,TQPYASRU0,clust0
766,AR1LPDQC2,clust0
767,YDYQUA3E0,clust0
768,MUVIVBYKM,clust0
769,M03BHQCXD,clust0
770,OFWIB946V,clust0
771,GNPBVG4OO,clust0
772,LU5WFLVYM,clust0
773,CHYCYIMPN,clust0
774,5VPGK5TF1,clust0
775,0ER1U41VH,clust0
776,PDNEBT66B,clust0
777,ZY03X5QEH,clust0
778,69V64YYKO,clust0
779,K6F70VROO,clust0
780,4L7132476,clust0
781,3L5UAW0O7,clust0
782,7XQJKVS9U,clust0
783,BVBMED8A7,clust0
784,A53QVGEGN,clust0
785,M6UGK03PB,clust0
786,VI9Y7OPB7,clust0
787,IMMFW5B0C,clust0
788,SBFK58NO9,clust0
789,SRHHYRKHO,clust0
790,IUI01CD5F,clust0
791,1S7X78ON4,clust0
792,Z1X80P206,clust0
793,EAHIVMREP,clust0
794,CL30SDA5C,clust0
795,WHKC4MXTH,clust0
796,TQRN9DZMW,clust0
797,DKZ9PC0DI,clust0
798,2KSMIA3H2,clust0
799,46M4O096Z,clust0
800,D51M44XIN,clust0
801,JLHCPZ0QV,clust0
802,Q1NKTOTO8,clust0
803,9BEUOOGOD,clust0
804,3GKKXUA0E,clust0
805,OJJ264OQZ,clust0
806,R6KWMIWXW,clust0
807,XM8IRJTZ5,clust0
808,DFI1Y7GAY,clust0
809,O2TC398EM,clust0
810,MQJR5TSGQ,clust0
811,JSGWW9UMH,clust0
812,C67C63O2K,clust0
813,6GZR8ZJBE,clust0
814,KG1MU8S9Y,clust0
815,WIXW71UDQ,clust0
816,38450SBZQ,clust0
817,BFQPNYIFT,clust0
818,2LD518R29,clust0
819,W3PJ6SHA0,clust0
820,WFBA75RNJ,clust0
821,FZ2NCOUZF,clust0
822,CIU70FT54,clust0
823,Q9B4G9135,clust0
824,7XYB8STQT,clust0
825,K22V9RTRH,clust0
826,EEUJNDDXJ,clust0
827,ZY8TJP5HW,clust0
828,CVG6JJEK3,clust0
829,FZT8COULN,clust0
830,COJBWLSYI,clust0
831,VCL71VWCL,clust0
832,UL0J36ZSN,clust0
833,F1RVCKHBW,clust0
834,ZSITI4QCG,clust0
835,MZ3FWRH2E,clust0
836,747XR2C9F,clust0
837,XREIQBIPN,clust0
838,F9MFM4AZQ,clust0
839,4XO0F9HCK,clust0
840,6TWMFGAF2,clust0
841,E9V7SIYM0,clust0
842,IMZAAKBP1,clust0
843,RIMFPA2YZ,clust0
844,EXFTBC731,clust0
845,4X8T6IA3H,clust0
846,2YR4NWRH4,clust0
847,H5R0Z0W0U,clust0
848,QXNP38M0P,clust0
849,OBW7PL9NV,clust0
850,L6P3YL8YE,clust0
851,T59CX9VVN,clust0
852,BK7KYYFJ8,clust0
853,J7DZ0WRF5,clust0
854,OKDVYOXSG,clust0
855,HY9OWM9TQ,clust0
856,EQU9EU5FH,clust0
857,1M763Y9R3,clust0
858,AUQX6IQ2W,clust0
859,YAZXQHQW8,clust0
860,7GSZGZCXD,clust0
861,9COQ8P5W4,clust0
862,7LF0NWQ6F,clust0
863,L4LXZDO4P,clust0
864,2NSFBVICU,clust0
865,42LKJNP7Y,clust0
866,0O7EA3ZP8,clust0
867,2CGID2M1W,clust0
868,BSDNDF39Q,clust0
869,4ZMM0BC2H,clust0
870,GSBEE4UJA,clust0
871,NZ54NSB7M,clust0
872,GRAHULZDQ,clust0
873,8N9N8IW59,clust0
874,UFQFWXSY7,clust0
875,POOO18VUS,clust0
876,CP6CT506I,clust0
877,605TLE53J,clust0
878,AP48L54HW,clust0
879,9H5IYUYQM,clust0
880,SIH5SSAZL,clust0
881,BKHMOXTLA,clust0
882,N0VEI659G,clust0
883,VOOPY8BP2,clust0
884,D97FS2NRU,clust0
885,E26QI0FNU,clust0
886,U35AW46HW,clust0
887,73520SK3K,clust0
888,A2MGMQ7ME,clust0
889,8WDWOSQKX,clust0
890,1NYRR1DOC,clust0
891,5GZKMQMD1,clust0
892,4O08MSQRN,clust0
893,YVDZQOJOM,clust0
894,NDUKLWK8B,clust0
895,9PBYDVU9D,clust0
896,KVKW5TMDD,clust0
897,BJJD7AGU1,clust0
898,MD7WNVU1J,clust0
899,6XFF73D4Z,clust0
900,G3OHYF601,clust0
901,NTOOQM0YN,clust0
902,4WKBP298H,clust0
903,TON3IC500,clust0
904,2BW1ET99Y,clust0
905,1SATQZB3E,clust0
906,BJHHR8JQV,clust0
907,4QJTBRHHS,clust0
908,JR5HDDXUA,clust0
909,VAKIGIJBO,clust0
910,WBBOVD74L,clust0
911,C1BWCEAKJ,clust0
912,FLIIEZPWK,clust0
913,T3N8IKZ1M,clust0
914,BO1AE7E02,clust0
915,G68Q95T1B,clust0
916,BR8QTI1IE,clust0
917,QHF3VE00D,clust0
918,R9PZ22IKE,clust0
919,83BWEV4E2,clust0
920,MIHNBWOXD,clust0
921,TJIKOOWC6,clust0
922,JNJR95FP4,clust0
923,VY5I44WOW,clust0
924,ZZBWF4AM0,clust0
925,F1IUKH4BB,clust0
926,DVBFAVOUB,clust0
927,4TF384OE8,clust0
928,Z2V1ZBQFA,clust0
929,9VX0DIX0J,clust0
930,0C6XRXYM9,clust0
931,R2GSVW2FY,clust0
932,V3E5EHTRR,clust0
933,FYX0M1V8Z,clust0
934,5QNUK4CO7,clust0
935,YJU9L97B3,clust0
936,J61I0S61Q,clust0
937,2NPQI14KI,clust0
938,LE8RLZBYY,clust0
939,9RQ8K3S97,clust0
940,MEDDWBDHB,clust0
941,5QGV593YM,clust0
942,WXGCHX1KJ,clust0
943,ZB12NFPE6,clust0
944,KW0LXFPB9,clust0
945,HTDUV1QM6,clust0
946,ZKKXNQSBC,clust0
947,RPKB6JL02,clust0
948,BCBF1JNES,clust0
949,R5MP9PD1L,clust0
950,93KXR339K,clust0
951,FS8KCVD4P,clust0
952,JZMNP9I6J,clust0
953,BL0CKWAKG,clust0
954,5IIP3E541,clust0
955,KRU6XMNKC,clust0
956,H19ZRGSFP,clust0
957,LHK3G4AVM,clust0
958,IAZMXLYGO,clust0
959,2BW68B67J,clust0
960,SW1SVZ3U8,clust0
961,6ASBWKX50,clust0
962,EX8KW1L1Y,clust0
963,66HXN8C4C,clust0
964,YH87HNPU3,clust0
965,CL6BEOUJV,clust0
966,KVAZZ08CM,clust0
967,0X9GYAE6N,clust0
968,QBA4AKRIL,clust0
969,V7UQCV4XB,clust0
970,2XUP6WYO3,clust0
971,N7T7AH3VL,clust0
972,YBN77RUVQ,clust0
973,FCELK5K1A,clust0
974,OM6ZIT2N4,clust0
975,9DLDYNXG4,clust0
976,5GBNBZR14,clust0
977,2R983EQI4,clust0
978,RA7X6H1ZA,clust0
979,GNHU3VLS2,clust0
980,YR9OEWWJT,clust0
981,OTFVG2OYM,clust0
982,LE8H4U1BN,clust0
983,Y4SSDPLEO,clust0
984,SQDFNOP68,clust0
985,SGQ0130NI,clust0
986,R4XBC6L3J,clust0
987,8MHBEOWL3,clust0
988,VWB1EE0NL,clust0
989,5XVP8PIYP,clust0
990,TQ65D6N5P,clust0
991,N0IPPM88Z,clust0
992,I1F792M30,clust0
993,3SBTLILTT,clust0
994,CPTHLR1OR,clust0
995,1UKYXMDCA,clust0
996,3BEOXC7K2,clust0
997,A9V3DS3ZQ,clust0
998,ERW6M2BS6,clust0
999,C9ZD2TYAQ,clust0
1000,XKFN3BKS2,clust0
1001,DNSF5XXFE,clust0
1002,MLM5UR4L5,clust0
1003,4VTNKTRGT,clust0
1004,DA1NADQ5J,clust0
1005,94HINN2HC,clust0
1006,HFG4NW463,clust0
1007,4OQXKODF6,clust0
1008,F9U0M4TC5,clust0
1009,W3KKUI9LE,clust0
1010,BE72NXV2M,clust0
1011,NO905HECV,clust0
1012,2OR5BFLH8,clust0
1013,SXL9I1X91,clust0
1014,DDKURNANE,clust0
1015,3CY05IL9R,clust0
1016,M9XB83R47,clust0
1017,934L5E2PS,clust0
1018,MID2EIIHP,clust0
1019,JN5VBEVMT,clust0
1020,QKSVR8C8S,clust0
1021,KWLMJBGRC,clust0
1022,UXDB2KGR3,clust0
1023,SRP4OWV46,clust0
1024,W62LWARFV,clust0
1025,ZW55Z2DCG,clust0
1026,9XT8YKOZI,clust0
1027,3QU1VDBDT,clust0
1028,3BUDCNTIF,clust0
1029,7K2423OUL,clust0
1030,LFN85CO2G,clust0
1031,FGIN0BFQR,clust0
1032,XWSEZSLME,clust0
1033,W4SIJEY6O,clust0
1034,OQAS31LPL,clust0
1035,5O36DGL80,clust0
1036,EZEMA4L8V,clust0
1037,CJY907I6G,clust0
1038,8PBHVWA0A,clust0
1039,FAI4E49II,clust0
1040,A20U90K8W,clust0
1041,CIOAULMP9,clust0
1042,JRLWIAFGA,clust0
1043,V32RUE64W,clust0
1044,URLMBSBT0,clust0
1045,382HLYK8G,clust0
1046,ZX5AYJ7LG,clust0
1047,1CELE0GZJ,clust0
1048,REPR7RVUE,clust0
1049,W6LFPX0PP,clust0
1050,SK6EDE7OQ,clust0
1051,ZW0Z0CKRR,clust0
1052,0G4JY1OF0,clust0
1053,IYFXTULSQ,clust0
1054,FT3J8346U,clust0
1055,5YBZA4HRP,clust0
1056,G1DNDA6E8,clust0
1057,DXH4MQTUP,clust0
1058,7HCSF3789,clust0
1059,N6VWMI2O2,clust0
1060,DERH1V692,clust0
1061,KWMQFX2OY,clust0
1062,5C3QF4NKF,clust0
1063,RSTI8V6VO,clust0
1064,MFXXME5I4,clust0
1065,S2X6U4IOX,clust0
1066,XTPPLP4TB,clust0
1067,IKYSU8ZEI,clust0
1068,HSPCFHPVF,clust0
1069,NJQJGLXJ7,clust0
1070,IURI8LUWO,clust0
1071,05JUOSEAW,clust0
1072,G360Z5RKT,clust0
1073,FQMQBLMXR,clust0
1074,Z5ZYCJOPG,clust0
1075,1I1FXEH3O,clust0
1076,24T38262J,clust0
1077,8W233X2TX,clust0
1078,W3XOPI21F,clust0
1079,ZROWPK1H9,clust0
1080,FQ10STQD6,clust0
1081,SOEVQ19M7,clust0
1082,5X711PF5M,clust0
1083,E98HWCREC,clust0
1084,X9E6HVN36,clust0
1085,QEHE9GQJ9,clust0
1086,KLSYAQNTZ,clust0
1087,KEB2B4NEJ,clust0
1088,KVVOXLVKX,clust0
1089,9VNFBV7HJ,clust0
1090,M3ODO2D3V,clust0
1091,5RJGXQMAQ,clust0
1092,0XL3XJX1I,clust0
1093,MVC3S3YJO,clust0
1094,HUR9UFIDD,clust0
1095,UFJBVVU2W,clust0
1096,UEHHPV8YX,clust0
1097,8HSN1D1EU,clust0
1098,SNGQG1H1J,clust0
1099,OX19ZL94V,clust0
1100,0PZCHONHY,clust0
1101,FWMUT7MM9,clust0
1102,K1IKDVTZ9,clust0
1103,84R1O9X8L,clust0
1104,QC0TYLKBM,clust0
1105,76KFGS06W,clust0
1106,NSBJF0XOG,clust0
1107,G38JDX4G7,clust0
1108,QO5LZRSNQ,clust0
1109,A8WW1U548,clust0
1110,9A1Y38ANC,clust0
1111,ROMLZUMSQ,clust0
1112,DFU5ABIUX,clust0
1113,H3QZGWZFY,clust0
1114,NRTOCR84E,clust0
1115,YRVIU84OA,clust0
1116,LK00FZEWG,clust0
1117,MAR4IPYNY,clust0
1118,GF6SLIQ0N,clust0
1119,5342KVQSX,clust0
1120,RP6W63240,clust0
1121,O8JR10XTX,clust0
1122,DAU7O8YU6,clust0
1123,LU5V4XQOB,clust0
1124,FZ6FD47OB,clust0
1125,JYWSNNH5K,clust0
1126,UROSGMXVD,clust0
1127,XIH5ARE9K,clust0
1128,FIH56RRCW,clust0
1129,GZ12W6R8J,clust0
1130,HOBHNLH04,clust0
1131,T80Q15MUC,clust0
1132,35ZKAS2EN,clust0
1133,CMH8D8MYC,clust0
1134,ZV7WL3YBY,clust0
1135,T6OHWUT7A,clust0
1136,I6TT4QVM3,clust0
1137,LD2V8QGCG,clust0
1138,2EYF6P91U,clust0
1139,CZMCKQRRA,clust0
1140,DVDIOCHC2,clust0
1141,S1ZJP7VXV,clust0
1142,80K1QEXAE,clust0
1143,B4ELP5UBN,clust0
1144,47VHVCOTO,clust0
1145,E2DUV8HZ6,clust0
1146,J6NP8CAEN,clust0
1147,83HBU9LC1,clust0
1148,ERN02LVD1,clust0
1149,APCDZ9BOI,clust0
1150,TVW6BAPRO,clust0
1151,Y50Y2ES4G,clust0
1152,POLD6KV9U,clust0
1153,RUORHXZCQ,clust0
1154,WTX5G2963,clust0
1155,CV3MRHZ14,clust0
1156,9EREVD2KU,clust0
1157,161L3KP3Z,clust0
1158,K55X3O4QP,clust0
1159,CDPIPC8EI,clust0
1160,R5LUIROMO,clust0
1161,7B2PQKGFT,clust0
1162,BT3J29KZQ,clust0
1163,09L7SK2RK,clust0
1164,SKYXR5E1A,clust0
1165,VWE2N62IA,clust0
1166,9AHIYKF8M,clust0
1167,GYI1GYESF,clust0
1168,UCMI3QKO2,clust0
1169,429BT0RQL,clust0
1170,QSFL759PU,clust0
1171,L8EQMRVQC,clust0
1172,UODN912PG,clust0
1173,L87U9DF7A,clust0
1174,067DQOPQJ,clust0
1175,I19UUM724,clust0
1176,46YVC9CGW,clust0
1177,IBKL10KIK,clust0
1178,F7PJ27IGQ,clust0
1179,MLX7RWVIX,clust0
1180,OCVQMLAWQ,clust0
1181,19IUIS73A,clust0
1182,J7UX5X875,clust0
1183,O089M88NL,clust0
1184,N1SWB3DOI,clust0
1185,48SJC3VVB,clust0
1186,JU7OHPOUM,clust0
1187,ND74YRHZU,clust0
1188,VWTOE68NO,clust0
1189,WK7RNKDE4,clust0
1190,YJ3OW71VA,clust0
1191,DEJO6LVP9,clust0
1192,0PFE6SUBW,clust0
1193,JLZMGO51L,clust0
1194,GJN48OFYN,clust0
1195,20OV1UHN9,clust0
1196,NQYBMMCKP,clust0
1197,XWHT572FU,clust0
1198,FYB7SN9YL,clust0
1199,UR8YQF1BG,clust0
1200,M613JCWQF,clust0
1201,1INVTWVUA,clust0
1202,WT1L2L1CC,clust0
1203,XKUAGG5I5,clust0
1204,Z44SLOHZK,clust0
1205,06172T8B9,clust0
1206,V7YSLB8H3,clust0
1207,UBFOBMBJS,clust0
1208,4XW19A1QF,clust0
1209,TXJ3U4O3U,clust0
1210,SNY955P1L,clust0
1211,UKX4SL2VC,clust0
1212,HIJFYQBV4,clust0
1213,WCPPIAC6V,clust0
1214,KR7XX4HRO,clust0
1215,FEM3G8YZJ,clust0
1216,B2N27MFSA,clust0
1217,DXS5E10M6,clust0
1218,YHOAO1G0Q,clust0
1219,ZVJG8MQ97,clust0
1220,ZBJVOD6T5,clust0
1221,KFA6U3463,clust0
1222,V959MK3FL,clust0
1223,4I0C7OJ7M,clust0
1224,N40DCCTA0,clust0
1225,86MEEJ3KX,clust0
1226,RCFRHQQMU,clust0
1227,OW094828E,clust0
1228,BH5409VXY,clust0
1229,N6VNDXVG9,clust0
1230,437SU5MO9,clust0
1231,YK9N55OQ7,clust0
1232,MIJNMCWRE,clust0
1233,MWRLT8ORC,clust0
1234,4BKV1TBG7,clust0
1235,0FUC8DGN1,clust0
1236,86K5Y88HU,clust0
1237,ZAOSB3OMS,clust0
1238,TJH7S4OXF,clust0
1239,CDTEGHIGC,clust0
1240,TRA8JWMLZ,clust0
1241,PIEIPKPR2,clust0
1242,Z4BLIF8V7,clust0
1243,HG567ILEJ,clust0
1244,B2K1AYXH5,clust0
1245,HO4AT5E1O,clust0
1246,FXF3GBETD,clust0
1247,JZGWR2LCH,clust0
1248,8B2CWRY2Y,clust0
1249,4P8FTSZQF,clust0
1250,YGBG66FR9,clust0
1251,5U19XUQ3U,clust0
1252,4Q2DL8CBB,clust0
1253,CO5135WY7,clust0
1254,Q1YJ3KJNU,clust0
1255,EE30RVZ1C,clust0
1256,O8EQOAJ5Z,clust0
1257,WTLJRBMQ1,clust0
1258,QSRNUIAU9,clust0
1259,EX5PMUDX2,clust0
1260,VCI2PFM3X,clust0
1261,EJ4RCKCZX,clust0
1262,WHZWRL8I7,clust0
1263,W15ICJYFE,clust0
1264,CXU5W9OBI,clust0
1265,OM4Z93HU7,clust0
1266,CHPA2U69Q,clust0
1267,JJP297Q8K,clust0
1268,47UTTMK1E,clust0
1269,5INAJHDOK,clust0
1270,DKH4NFHLN,clust0
1271,GK0ZH399Z,clust0
1272,JF7I2ZJ55,clust0
1273,II3AU1I97,clust0
1274,WB9DY58I2,clust0
1275,KE858AAOF,clust0
1276,XKI22066V,clust0
1277,IG6FJ49RE,clust0
1278,A28I10ZCE,clust0
1279,76V074RJD,clust0
1280,IYI5VEH95,clust0
1281,KE9JM66JA,clust0
1282,NJWMMDIJ0,clust0
1283,HWDDJLFSU,clust0
1284,W2H6H50YH,clust0
1285,5SC6LGC06,clust0
1286,6Z5XKWYWB,clust0
1287,EDQNINXHL,clust0
1288,MCON2KDBG,clust0
1289,EM0ZLUN5B,clust0
1290,A4IDRLWGV,clust0
1291,EPMD3KJOR,clust0
1292,4TG9EAS4I,clust0
1293,0DQM40BFD,clust0
1294,9MMD4ZOAS,clust0
1295,IOLJQ8SBK,clust0
1296,RO273X460,clust0
1297,PYTD3XKLQ,clust0
1298,K1TAC2ZVW,clust0
1299,FGXFTJPCB,clust0
1300,ESOA9KSM5,clust0
1301,WRNLCLZPA,clust0
1302,H9TYXW4X2,clust0
1303,HXD1UDLKC,clust0
1304,IGMH08CR0,clust0
1305,0CY1U5TND,clust0
1306,E1Z1YWIRP,clust0
1307,FY8PDD0SJ,clust0
1308,5J916WLPK,clust0
1309,ZM2H41FWB,clust0
1310,NKJ9ZH3XY,clust0
1311,QANEF7G2Q,clust0
1312,AQ7L493BT,clust0
1313,6A2CGBJPS,clust0
1314,HOBDNHGZ2,clust0
1315,UXUOVFG53,clust0
1316,30QIQX1K2,clust0
1317,JPJY9D7D7,clust0
1318,F1G8ZJZO4,clust0
1319,R8FOOJFVI,clust0
1320,LI853NUXR,clust0
1321,UMXJ9796N,clust0
1322,JXL247K4Q,clust0
1323,M9SUN1YMC,clust0
1324,LUZTLQD93,clust0
1325,SFQXTRBAL,clust0
1326,5K03YC3SK,clust0
1327,OPTLNW4QO,clust0
1328,H5250W0W2,clust0
1329,X8GEVAED4,clust0
1330,JADJYPNQB,clust0
1331,1AWVNOYZ3,clust0
1332,DKBA2S50O,clust0
1333,PWXX89UPF,clust0
1334,S25EW3X0Y,clust0
1335,V1UQTCO6P,clust0
1336,2RFAD830U,clust0
1337,P8LTJA72M,clust0
1338,HA3XZISNI,clust0
1339,TXS76QH3J,clust0
1340,QBSUZV9HM,clust0
1341,G6ZK6CADN,clust0
1342,8WU4KZS3E,clust0
1343,2WWSHU5ZH,clust0
1344,5AE88YLVM,clust0
1345,A41FNLUI5,clust0
1346,KNWGNVYXA,clust0
1347,VZ2ZZYSJM,clust0
1348,XPKS6C3IC,clust0
1349,DV7HSOAZE,clust0
1350,S1DYHHF94,clust0
1351,KWHTENHLL,clust0
1352,9A8KN7SEQ,clust0
1353,S4MFNOBTQ,clust0
1354,YYKZU83UC,clust0
1355,YFU7XZYCL,clust0
1356,BQY776TBI,clust0
1357,B9543DD2B,clust0
1358,F51F0QP73,clust0
1359,5IBF84QQU,clust0
1360,UT5V0W6VK,clust0
1361,HT9YG42G1,clust0
1362,G5W7ZH33K,clust0
1363,2LHBXTIQ4,clust0
1364,GHA53H4OP,clust0
1365,9GYAMGVLS,clust0
1366,CB4SYJ8JE,clust0
1367,CT41HP9HE,clust0
1368,0W9EUMCV5,clust0
1369,HM0QO68W6,clust0
1370,MBYC9PHBN,clust0
1371,R4VPD3WS9,clust0
1372,CEA5DFKHU,clust0
1373,7LDAV488D,clust0
1374,RB4WONTNX,clust0
1375,NRNVK1UJ6,clust0
1376,73ENOLP7D,clust0
1377,5JXCWO4YQ,clust0
1378,OWIQPVY6L,clust0
1379,3TDPNMDC8,clust0
1380,IUN6CLWLT,clust0
1381,0KV8RCJG2,clust0
1382,3Z6UJGEWE,clust0
1383,5LAVLJE4S,clust0
1384,KR6QCAIFB,clust0
1385,4FR6XWR7I,clust0
1386,2I0KVI38J,clust0
1387,O8HCFFV7B,clust0
1388,XB13VEII7,clust0
1389,B1DZD1VUR,clust0
1390,3Z706H3PE,clust0
1391,7U7V93XHX,clust0
1392,297171954,clust0
1393,YTMOQH9O4,clust0
1394,IKWCQWBPH,clust0
1395,7NP531ILM,clust0
1396,TAQG3FD4R,clust0
1397,SWAQ53U5S,clust0
1398,A5CODC0AU,clust0
1399,WC2RQRWNK,clust0
1400,947GGXJFC,clust0
1401,S4HDGYTMQ,clust0
1402,FSDEWVOAK,clust0
1403,2E5G7DDVO,clust0
1404,ZTYAXFDA9,clust0
1405,IRS0O2Z31,clust0
1406,XLLCDZEKX,clust0
1407,SM9OAFDAR,clust0
1408,H2016608B,clust0
1409,3LIEAXBXP,clust0
1410,T4397XV26,clust0
1411,5DK4Z6V1L,clust0
1412,D2KFAA4SB,clust0
1413,TPAK822AL,clust0
1414,E2SIBNV4L,clust0
1415,VP9OT5VYR,clust0
1416,BAEYLKBNT,clust0
1417,JWEG4BLQH,clust0
1418,MGN5EAUR8,clust0
1419,16C9R4DID,clust0
1420,TVUUPY76T,clust0
1421,8C5UXGU17,clust0
1422,A52NB24Q6,clust0
1423,GCMIWMD9H,clust0
1424,9JE4R0OV0,clust0
1425,4F19GUJA0,clust0
1426,2PJT9NJ3I,clust0
1427,BRWZL3844,clust0
1428,T80Z7APR8,clust0
1429,M6CH2WKKJ,clust0
1430,XF1FUN7OO,clust0
1431,75ZO46U7J,clust0
1432,3NPI0L1EN,clust0
1433,8BJU62ZEH,clust0
1434,8S5CHENYR,clust0
1435,UCW9B7OJY,clust0
1436,B9GO66UBQ,clust0
1437,TGEWVYO94,clust0
1438,QFY0GIQDE,clust0
1439,TY6CBP1Z3,clust0
1440,CJEQENIHY,clust0
1441,X1JYLRH9U,clust0
1442,8HREVMQFJ,clust0
1443,4MAL5N5UE,clust0
1444,3O61J1NLQ,clust0
1445,YUMLT3UEQ,clust0
1446,WOBW3RZ7I,clust0
1447,RRWFTGU3Q,clust0
1448,N2ZGTRPMK,clust0
1449,HK7EGEUHX,clust0
1450,QJMNJ7UWO,clust0
1451,ADLE37X1C,clust0
1452,PHCG2FXQG,clust0
1453,NXNQEHGVH,clust0
1454,MEUIYHZ9H,clust0
1455,HRRHT13J1,clust0
1456,71JZ32UYV,clust0
1457,21683Q2HO,clust0
1458,8OKR0BNTK,clust0
1459,JOE2BVJWK,clust0
1460,JTF4YU05C,clust0
1461,5LZQFXUR7,clust0
1462,RQLI4K5WU,clust0
1463,SIRBU30ZC,clust0
1464,8QOD7P357,clust0
1465,LQBT2NEUT,clust0
1466,C11DUJ7IG,clust0
1467,JF1C5RXRP,clust0
1468,I41202ZYQ,clust0
1469,S34QFBVOI,clust0
1470,U93Y0O0ZN,clust0
1471,TLEORXAK4,clust0
1472,HBXIM30XY,clust0
1473,9U9CZQ2HL,clust0
1474,Y4RJETU5X,clust0
1475,93RTLHJT6,clust0
1476,1OH7IEK8B,clust0
1477,L6I6GRLJG,clust0
1478,B37J3YXJR,clust0
1479,8P8NFG69D,clust0
1480,42YA0YGAY,clust0
1481,988MFNZJV,clust0
1482,BILGYIBKT,clust0
1483,LIJIQBRIR,clust0
1484,4AQ77D09R,clust0
1485,BBFHXGKIR,clust0
1486,NQF8A7IEX,clust0
1487,6E00JGMH4,clust0
1488,AHXEDNCF7,clust0
1489,BUP89CDTM,clust0
1490,SO7FUF7VJ,clust0
1491,2GGE5VN6N,clust0
1492,UUIF1Y4NK,clust0
1493,5M4J2FDL6,clust0
1494,ONVT20A9K,clust0
1495,4TY57C8G2,clust0
1496,9EE80ILP8,clust0
1497,CEU43JFSJ,clust0
1498,PQO8SE627,clust0
1499,PL4C46N5X,clust0
1500,FWBHJ2LWA,clust0
1501,1DLC7OAWE,clust0
1502,FRTKEEQNE,clust0
1503,LDJ4YYU22,clust0
1504,F5RTA2TWE,clust0
1505,K1FUEP02I,clust0
1506,XOXFKDP9U,clust0
1507,X0AVGIOBK,clust0
1508,OCCGHLVAR,clust0
1509,B19C93WJN,clust0
1510,OIIRD0BGR,clust0
1511,I4PBB452Y,clust0
1512,PKFXXL9SC,clust0
1513,42XVUCNRB,clust0
1514,8ZSI327BQ,clust0
1515,2WC81S7B2,clust0
1516,XSJWHBU2B,clust0
1517,XF3DBO5JX,clust0
1518,C3X15OF4R,clust0
1519,DL6ZB92QE,clust0
1520,WNCB8I7MA,clust0
1521,CWCLJC1SS,clust0
1522,TSSY6JDTK,clust0
1523,QPB26QUAY,clust0
1524,OQPDBQXJJ,clust0
1525,KVNO1A1FP,clust0
1526,FM81F5D9V,clust0
1527,S7LQ8ZD5Z,clust0
1528,NFE19G9TI,clust0
1529,1LSV10QV1,clust0
1530,QT5SJ0FID,clust0
1531,55FLPQZ4U,clust0
1532,R7UNKZLPQ,clust0
1533,ZYOOMGYJ0,clust0
1534,Z0FU0KF8R,clust0
1535,CFE9TK82E,clust0
1536,2X2KJWP9W,clust0
1537,VUWGSQXDC,clust0
1538,A5HWMJIMM,clust0
1539,F6RW4QESD,clust0
1540,2V7Q7MRY3,clust0
1541,8C64ENIOG,clust0
1542,2TTPERUMG,clust0
1543,DY6J5S6XF,clust0
1544,649LX9985,clust0
1545,5Y0I70FEQ,clust0
1546,LMNI7ZLFG,clust0
1547,R8RUNBX22,clust0
1548,XEHEF3HSK,clust0
1549,AK2F1JHN4,clust0
1550,N4JSC8413,clust0
1551,OQLXZKCQ4,clust0
1552,URC7JEA6C,clust0
1553,DCFZDDNJG,clust0
1554,J5R14OJH1,clust0
1555,9FJGMYVXT,clust0
1556,79JPLOAPN,clust0
1557,EYZHVFIH5,clust0
1558,2UGEPFUV2,clust0
1559,63PQY7JP4,clust0
1560,IPNG73LBT,clust0
1561,N9JRSCMP2,clust0
1562,ADU1X2OPE,clust0
1563,50VTKZNZ6,clust0
1564,CF961IZA3,clust0
1565,OLK7U7ME7,clust0
1566,DBILY9MM5,clust0
1567,TYCLRXEE2,clust0
1568,ZLUPEPUTC,clust0
1569,CSVL024IC,clust0
1570,7EP6VF1PU,clust0
1571,Q97MZS363,clust0
1572,ULG62YLVG,clust0
1573,I40QICXJG,clust0
1574,6TA4B3YPY,clust0
1575,SLPCK2NU7,clust0
1576,323I1FH3L,clust0
1577,MVEFE6F1K,clust0
1578,FUD2EOXQP,clust0
1579,3D17B0ZJK,clust0
1580,CXDCBWJCO,clust0
1581,JC0FH4TGD,clust0
1582,5WI6268PU,clust0
1583,KAEGLP5I3,clust0
1584,WKRETM1XX,clust0
1585,1OHSGPPVH,clust0
1586,TI3TPOETI,clust0
1587,H6C4BO9L5,clust0
1588,LDZJ3SLN1,clust0
1589,YMUJSODEC,clust0
1590,K0VSET37P,clust0
1591,A3TVKTAS8,clust0
1592,E0YST25E6,clust0
1593,FRPLF6FT9,clust0
1594,556NPTCLB,clust0
1595,DYJAD2X3W,clust0
1596,8NWEXPLYF,clust0
1597,FDVS5BO9J,clust0
1598,YCLTIOY2B,clust0
1599,D1CZXQXP1,clust0
1600,1YX0SEIAA,clust0
1601,QDHKW267S,clust0
1602,C2229A2WS,clust0
1603,B4MYXT578,clust0
1604,1UD652CDD,clust0
1605,4BKRU4DPB,clust0
1606,CC4P6QC68,clust0
1607,GZXYY7VJZ,clust0
1608,EFH6Z64ER,clust0
1609,JDI6MG31T,clust0
1610,4IZ061OPU,clust0
1611,JJ95V5QXC,clust0
1612,5DSM7ZTLH,clust0
1613,722I7N2K2,clust0
1614,QC9FBEHJE,clust0
1615,NMEV4F0UH,clust0
1616,AIZX0GXKS,clust0
1617,E88NFG5DY,clust0
1618,2CW3CL4LU,clust0
1619,PVP443TL3,clust0
1620,7LDGLIMA7,clust0
1621,5KIP2E3AR,clust0
1622,PN2K13FWE,clust0
1623,H5ALTLP7L,clust0
1624,50FNBORI9,clust0
1625,S82H7NWKP,clust0
1626,OVNOK9H71,clust0
1627,TJTNJJX61,clust0
1628,MVQDZ2P4K,clust0
1629,DMMRUI39J,clust0
1630,GGKHDGB6L,clust0
1631,RGVU3I9FG,clust0
1632,OXH07RPZU,clust0
1633,FKGSNGYLM,clust0
1634,4WEVGMEA5,clust0
1635,FYWPKD4VC,clust0
1636,AWR8HDVBX,clust0
1637,O004H192Q,clust0
1638,Z77AQND6S,clust0
1639,BTUOPX8E8,clust0
1640,BTJXT4LPA,clust0
1641,37SFVD6TU,clust0
1642,9C71WP0FX,clust0
1643,GM76MXT5M,clust0
1644,DUHY7LAJK,clust0
1645,ZCH8EQMGF,clust0
1646,SRTMCY49U,clust0
1647,JRNI6AH8O,clust0
1648,ZJD1TST8W,clust0
1649,G7GOGJ9LF,clust0
1650,QKDZWI0BE,clust0
1651,ZWZ86JKHP,clust0
1652,QIG4U0UKF,clust0
1653,8H177NFRQ,clust0
1654,3Q3UDHV8Q,clust0
1655,4EXPEJZEZ,clust0
1656,M6MVQBI0K,clust0
1657,G10JDPCAD,clust0
1658,NHW50M9SR,clust0
1659,PK7EVMXFC,clust0
1660,YBFY2MFYC,clust0
1661,MAJDFJ5NC,clust0
1662,YBA1K36SI,clust0
1663,6AVX7FD72,clust0
1664,PHQ0AZGU3,clust0
1665,DD9XXX3ZD,clust0
1666,7WEZAH3RW,clust0
1667,HBPDSQ55L,clust0
1668,KZ3VTBV7R,clust0
1669,8KDG6RWDA,clust0
1670,H1J8S343Y,clust0
1671,CRTFPV4R3,clust0
1672,E9UFFEG4Q,clust0
1673,Y9K13D720,clust0
1674,XJP74V4GG,clust0
1675,0XDQFVG2G,clust0
1676,OWV0N27XU,clust0
1677,73177O9G3,clust0
1678,W5AGD8V0W,clust0
1679,L5UY42A9A,clust0
1680,DHAXA1VOX,clust0
1681,2NLQFZP5M,clust0
1682,Y6ZRI8NVG,clust0
1683,34ZD8I5WE,clust0
1684,MX0OOL2DK,clust0
1685,8FFJFB180,clust0
1686,4BCAQ7XGK,clust0
1687,VFYZX81AZ,clust0
1688,WKF6VNLCU,clust0
1689,R173W8G1D,clust0
1690,A7H7TNMOL,clust0
1691,FSPHO1T4Z,clust0
1692,BIFNQEWTS,clust0
1693,25IOXJCDG,clust0
1694,TCQT1DFPZ,clust0
1695,97D4L5QK8,clust0
1696,NCWZNPUOP,clust0
1697,4XQV9LU7P,clust0
1698,TNEEVHHO6,clust0
1699,8VVUFT65C,clust0
1700,6N0JJ15CT,clust0
1701,6TBWXK199,clust0
1702,J0XWHEFJF,clust0
1703,JLHYFJ1IX,clust0
1704,W0PQ0TQ08,clust0
1705,8B0SL0FUW,clust0
1706,H0XUNP448,clust0
1707,RX3BGS53J,clust0
1708,2HIKJF0TK,clust0
1709,S5PJVNMRZ,clust0
1710,IS658HMV0,clust0
1711,F9UY0W8GS,clust0
1712,KMMLIM2UT,clust0
1713,ZRBE8PT8O,clust0
1714,AC7A9GS1G,clust0
1715,P1A54FAWH,clust0
1716,AE9N8LHDI,clust0
1717,FJD5K72IG,clust0
1718,5VPH4QM2C,clust0
1719,7WP7OZ85G,clust0
1720,IPMHYT3UL,clust0
1721,D3NA2OO5S,clust0
1722,9P0G9WPHV,clust0
1723,K4T2MN7V4,clust0
1724,GQDOZNXLU,clust0
1725,L2O6INDUG,clust0
1726,LE7VK62IV,clust0
1727,1IOCIV4L4,clust0
1728,1E9YXJ3CB,clust0
1729,YD504A2RI,clust0
1730,S34TZ5A0H,clust0
1731,K8GOD5VMO,clust0
1732,6GTXVW8P2,clust0
1733,LEMXGRS23,clust0
1734,G8WQB5ZTS,clust0
1735,6S7D4KRZZ,clust0
1736,Z0SBS8MN7,clust0
1737,TFFHCT9B4,clust0
1738,VOHHJBAIE,clust0
1739,SBCXTXU0Q,clust0
1740,4WMJDMO6K,clust0
1741,KNCZ4YJSD,clust0
1742,ZIGAX4QE0,clust0
1743,3AJ99UV8V,clust0
1744,E38AL05OH,clust0
1745,DDNM4GY42,clust0
1746,4IIWXDCZG,clust0
1747,VVGWBFV08,clust0
1748,QG35N1POH,clust0
1749,H8GRWIWZ0,clust0
1750,1K0CGTVMK,clust0
1751,ONI4WPGD8,clust0
1752,F23GUO6GP,clust0
1753,D666VI638,clust0
1754,6PJKRKHGV,clust0
1755,CGYLHFHCF,clust0
1756,HJT1A3D5P,clust0
1757,2CHDWLDIP,clust0
1758,WOVBTAKK1,clust0
1759,TP1LLDFSB,clust0
1760,OW6SJ1817,clust0
1761,XDJW28F4R,clust0
1762,QJO2MCN3I,clust0
1763,5IJ9H5TQ7,clust0
1764,RLE3V2VHT,clust0
1765,837S18LD6,clust0
1766,FTV4TMYSD,clust0
1767,CENY5I0J1,clust0
1768,NEOGPQ0E0,clust0
1769,5F61PVIVO,clust0
1770,5B7KSOKCA,clust0
1771,H3QL17OF6,clust0
1772,7F75IZ2SP,clust0
1773,0RCZJAI50,clust0
1774,KA5YBP9CB,clust0
1775,3FB8BM3W7,clust0
1776,RSP3K3BEH,clust0
1777,BV471Y67F,clust0
1778,XGVDNRZ0H,clust0
1779,0M4Z8VR87,clust0
1780,8HCSUMC47,clust0
1781,AAQO4OJUP,clust0
1782,EPU85E2UE,clust0
1783,21AIQ4IKL,clust0
1784,P4AWJF9NQ,clust0
1785,8I6DUA6OZ,clust0
1786,K1GU34774,clust0
1787,M2CJZ48BY,clust0
1788,PBHPT13IE,clust0
1789,S5FNQ53PB,clust0
1790,QKLEB2GEK,clust0
1791,5OZ1EGLTA,clust0
1792,206FNRM48,clust0
1793,LGIOKKSTE,clust0
1794,AQ8UN8END,clust0
1795,3KPEJ7GGH,clust0
1796,8UZFFD39C,clust0
1797,PA28L0DFW,clust0
1798,2AWE4KB2K,clust0
1799,KDVFUP4TD,clust0
1800,KNQG8IGAV,clust0
1801,XQK5OEJWI,clust0
1802,TMLQZ8LN4,clust0
1803,A0TP5J62X,clust0
1804,17R0NSWT2,clust0
1805,W1RMANWWI,clust0
1806,6I0MCPWDZ,clust0
1807,PU8PJR1WG,clust0
1808,NSRNGN9KQ,clust0
1809,FFOWAGINY,clust0
1810,2RU82Z50Z,clust0
1811,S87EK23BW,clust0
1812,DTI57OFIA,clust0
1813,UVZCT72GC,clust0
1814,H7CYHY36X,clust0
1815,1RITQ45NO,clust0
1816,LS7XUN0NE,clust0
1817,QVPSBD4TK,clust0
1818,6EGMUZA2A,clust0
1819,B40SPX38N,clust0
1820,RBD7VLG3P,clust0
1821,DYOWLG3Z7,clust0
1822,OEH6HK4DF,clust0
1823,4S3QU35SI,clust0
1824,6CA9I6HQH,clust0
1825,KYUE06A7R,clust0
1826,TI97QMEIJ,clust0
1827,3NX72VKD5,clust0
1828,JAAB9OSPI,clust0
1829,HKDYN3EN3,clust0
1830,OYLL2E9S0,clust0
1831,DPN9YAZ5Y,clust0
1832,1C32XQJ7F,clust0
1833,78XN3409T,clust0
1834,33AG95LNI,clust0
1835,MLJZE14IK,clust0
1836,J4V0TJVYZ,clust0
1837,13MZ0TJN2,clust0
1838,P5UF3N9FF,clust0
1839,WCOXU3XX4,clust0
1840,UO6OBSPTT,clust0
1841,U5UIGPYXT,clust0
1842,U90YIJ2BT,clust0
1843,KOVC0C9OP,clust0
1844,QUC6M2K54,clust0
1845,JM0DJ7EOM,clust0
1846,0PMO2CUI3,clust0
1847,S01P392PN,clust0
1848,6395TKO95,clust0
1849,FEF058WN1,clust0
1850,FRNUGB90Y,clust0
1851,INP2IY568,clust0
1852,6XF62RKOH,clust0
1853,DQ73PY37J,clust0
1854,YP7HR4TEC,clust0
1855,CSUNT44B0,clust0
1856,2XGJZ0N0N,clust0
1857,8J03DUWNR,clust0
1858,VC15Q885J,clust0
1859,L1PWLVZ8R,clust0
1860,EJPHVT3RX,clust0
1861,XTM7I9BN5,clust0
1862,8SIB1DTCN,clust0
1863,CWUILC3E1,clust0
1864,O8OJMZP8G,clust0
1865,IWKIVRUE8,clust0
1866,NAGFJ94RU,clust0
1867,PHNMBXOQ0,clust0
1868,IAZTTPG94,clust0
1869,7Z4AJXOBS,clust0
1870,UTY79EZL5,clust0
1871,I72DM3GS6,clust0
1872,ZQHW55Y5D,clust0
1873,9XKYZ6TZE,clust0
1874,FJ62VGKHM,clust0
1875,FHA1UA2D1,clust0
1876,9ADV154WL,clust0
1877,T82XV59ZI,clust0
1878,3YC1MKJ27,clust0
1879,CA8PVSGXO,clust0
1880,K3Q33BEXX,clust0
1881,AZH08THAH,clust0
1882,T3NRMP13O,clust0
1883,HRXSWLXFO,clust0
1884,MSTKXDOI1,clust0
1885,F807XHRXR,clust0
1886,AVRC5RZG9,clust0
1887,V6MUVXKL6,clust0
1888,S8H8EINF7,clust0
1889,QK1UTTD5S,clust0
1890,CXZRWAICX,clust0
1891,EO9HBFCNV,clust0
1892,MNR21JQTR,clust0
1893,O0LHP13U0,clust0
1894,8LDQ6B1IP,clust0
1895,CRMHR3LXH,clust0
1896,VNGXLI81J,clust0
1897,AQ3ATU5GF,clust0
1898,0V34BUT46,clust0
1899,N9RKFU7VF,clust0
1900,HYLPGPG8P,clust0
1901,UPOXOV23Y,clust0
1902,3YJP3HFUQ,clust0
1903,U65VUKKFI,clust0
1904,IWNTY1IKL,clust0
1905,JZ5Q5OMX6,clust0
1906,Y4W5FCSQV,clust0
1907,MKW0JR0XQ,clust0
1908,L9NC6QY6R,clust0
1909,W8A1IPBK8,clust0
1910,Z1KN7CAOS,clust0
1911,7S7NXCJK4,clust0
1912,9AIAM97BE,clust0
1913,QR8EYGTCJ,clust0
1914,P93FBTIVV,clust0
1915,DNCAT6BDH,clust0
1916,NO6I619QS,clust0
1917,H0NMS07YE,clust0
1918,M5CE7BYL3,clust0
1919,QOQ5HK2MN,clust0
1920,PYA0XI5BI,clust0
1921,3WP26LF7B,clust0
1922,XVUFXC5IJ,clust0
1923,S28N1NBSC,clust0
1924,ZBXZG863U,clust0
1925,BKGGA9NZT,clust0
1926,775QKZ8FA,clust0
1927,CXQZFXXUU,clust0
1928,T3Y3YQ9PK,clust0
1929,625ZY1LE1,clust0
1930,O1K97THQY,clust0
1931,HDYD3PFXY,clust0
1932,BAOLJ0RF4,clust0
1933,AO47F0G7Y,clust0
1934,8WJFQ2A6U,clust0
1935,PVY58RWGL,clust0
1936,QD5Y1X3JK,clust0
1937,1H67GBKGS,clust0
1938,WJLNB07QV,clust0
1939,IHJO63F35,clust0
1940,79F57M79I,clust0
1941,07I8WO1U7,clust0
1942,00BXY8FC6,clust0
1943,WHGKIB6YZ,clust0
1944,DPV7EJZH2,clust0
1945,KY1QP1OPI,clust0
1946,2HVUCI8KU,clust0
1947,AP4SA6247,clust0
1948,V9FNJGWGM,clust0
1949,PSGME9Y4Z,clust0
1950,YZANUW2A0,clust0
1951,UFGUF82AE,clust0
1952,GQKBUFMIJ,clust0
1953,T862KSUVV,clust0
1954,7BCIPPIXX,clust0
1955,MCENNSHO4,clust0
1956,YY22XWP42,clust0
1957,7SMMAYPES,clust0
1958,A6FKH5EUU,clust0
1959,IYWNI7X5T,clust0
1960,4AV6GXO42,clust0
1961,0FZ1RSULB,clust0
1962,O49NROEFV,clust0
1963,4TY5PCM1K,clust0
1964,FMCXHACYM,clust0
1965,BAU0JI1NA,clust0
1966,D8V1DX3Q8,clust0
1967,NW8EOGFA7,clust0
1968,7W6PLDNJF,clust0
1969,2RIAACWP0,clust0
1970,B075OB6VI,clust0
1971,95AQEG0V2,clust0
1972,07RMNYRLE,clust0
1973,XP5HPZ6C9,clust0
1974,R06N9EWSF,clust0
1975,EW01SD6QV,clust0
1976,JMY7FGHHH,clust0
1977,2KOX4HGF9,clust0
1978,FB352F4CF,clust0
1979,BSQHWK0E7,clust0
1980,SF26A35BT,clust0
1981,0OCQRFAIG,clust0
1982,7SC7AB8RH,clust0
1983,VDEGOZHS6,clust0
1984,A2ZIRTS2S,clust0
1985,WBQ1Q5VXJ,clust0
1986,FR1OGTDGZ,clust0
1987,KSADV3F3Z,clust0
1988,7FK7GEGS4,clust0
1989,HCIVSRO6X,clust0
1990,PX7KPAAFG,clust0
1991,BFFHDPUOP,clust0
1992,NJRJP1N4O,clust0
1993,HZ6W19C7P,clust0
1994,JM41FBPKO,clust0
1995,H2MP9BFXS,clust0
1996,S0RKJYLRF,clust0
1997,EPJAZ9EHU,clust0
1998,VW9IVMS44,clust0
1999,TWC2OFEVX,clust0
2000,WIM76TY78,clust0
2001,14IOE5HPD,clust0
2002,Q6MSO29BD,clust0
2003,I5JFQLHYL,clust0
2004,C4AA32J2I,clust0
2005,QRJWCDD2Z,clust0
2006,MG2VGAV2B,clust0
2007,XL18PMO40,clust0
2008,XCOTZKYEF,clust0
2009,OK4ZSTL0C,clust0
2010,RNYAT9B1U,clust0
2011,WF8MF40S4,clust0
2012,2KOI5ZQYR,clust0
2013,B1GC4YDZE,clust0
2014,RC7GF436Z,clust0
2015,32J8Q8CED,clust0
2016,RSGJHXUZ9,clust0
2017,6NBMPOSP7,clust0
2018,XGDH44YJP,clust0
2019,O16TC48BQ,clust0
2020,2FEPVIAG2,clust0
2021,KEQ3YT0A1,clust0
2022,XSCX4VYIK,clust0
2023,CKADH520J,clust0
2024,F5XYK4UNZ,clust0
2025,HHUAXT9R1,clust0
2026,OA6LKV5G1,clust0
2027,KM234U46E,clust0
2028,T0YF1PJF4,clust0
2029,R703D2LV6,clust0
2030,2Z22X43X7,clust0
2031,XLWKHSYUX,clust0
2032,FHYOPPYU5,clust0
2033,H8GMXCO6V,clust0
2034,7U3477IHW,clust0
2035,4EP2FUHXN,clust0
2036,KDE3L8UDG,clust0
2037,9KP7SLUXF,clust0
2038,MRJI4SKWB,clust0
2039,0XG0Q8770,clust0
2040,LS5XI84X7,clust0
2041,JA1K0KLCA,clust0
2042,S16V9VUCD,clust0
2043,IP54OFKM8,clust0
2044,UI41BZO4J,clust0
2045,03Q63121B,clust0
2046,OFVZ206TS,clust0
2047,PJZEJESR2,clust0
2048,O6NVQZZ2H,clust0
2049,08A783IV2,clust0
2050,HD4R8JW6I,clust0
2051,YNAPPUKXL,clust0
2052,YNI7XINUB,clust0
2053,VI7OLTO7I,clust0
2054,74AEEELFL,clust0
2055,0AAMUVG2Z,clust0
2056,QTZG2M407,clust0
2057,79RJLD7CS,clust0
2058,JKBBY691P,clust0
2059,0NZYD45B7,clust0
2060,RZRKWY31C,clust0
2061,ZNX3DYCOL,clust0
2062,96VHQRFFT,clust0
2063,F1H53IVYG,clust0
2064,TJ6N3U4N0,clust0
2065,KDV7UYVTO,clust0
2066,HX44HA4SD,clust0
2067,OXV8X3CFI,clust0
2068,EA6CJHSXT,clust0
2069,OFSF4LR2C,clust0
2070,D281A00YB,clust0
2071,T0BC1V0F0,clust0
2072,X96RJNKNT,clust0
2073,18WGJKNBZ,clust0
2074,PH5JZIORL,clust0
2075,KPCV50SU3,clust0
2076,FXKN86GG1,clust0
2077,TM3WDHLYA,clust0
2078,UWZIRERL2,clust0
2079,A1NSFC8IV,clust0
2080,9N8JIZFPI,clust0
2081,ENO4IY9AQ,clust0
2082,7VX549TF4,clust0
2083,1OT55PLIY,clust0
2084,V3BI5MW8F,clust0
2085,KG193H1L0,clust0
2086,9QR0YHSJH,clust0
2087,F02UMU1T2,clust0
2088,ZYB2XIVKR,clust0
2089,BHVS7FNJ6,clust0
2090,1Z5BJ6EJM,clust0
2091,71JBIN9NI,clust0
2092,IKN7LBBJM,clust0
2093,70WSZ9TE6,clust0
2094,R17IPTC1I,clust0
2095,TVVNYUVWY,clust0
2096,LBTEFI39H,clust0
2097,GFVW8U02R,clust0
2098,XA40VAYYD,clust0
2099,S5FREKGMY,clust0
2100,A38OEKJ46,clust0
2101,69SDL7260,clust0
2102,MPWKF96EQ,clust0
2103,BPYCTPRPJ,clust0
2104,8DA3Z5SJ5,clust0
2105,HU071EWQ8,clust0
2106,OZVOXWUDD,clust0
2107,K1M24RDUD,clust0
2108,59ZKUR3XD,clust0
2109,29SZOBW9X,clust0
2110,7FVU7YYQN,clust0
2111,WTIV0H6XB,clust0
2112,9M67XHFEL,clust0
2113,KWZC87SE0,clust0
2114,BG9ZQ5BDY,clust0
2115,AK4YD1YX7,clust0
2116,UX0QW3QH7,clust0
2117,8GFRE5PEG,clust0
2118,LBTQOKF4P,clust0
2119,3SPV8VS1Y,clust0
2120,M2GO8XNQI,clust0
2121,FYYY5SPUC,clust0
2122,YPCRQY16W,clust0
2123,89TG3RQ6M,clust0
2124,EKGJLI9PW,clust0
2125,J1YCNRJUC,clust0
2126,IGGCJNNTP,clust0
2127,1DVE54U76,clust0
2128,BHADJMJNH,clust0
2129,YH3GT08Q9,clust0
2130,NOC5HJJI6,clust0
2131,ESE02EXHU,clust0
2132,BEJXT7JA8,clust0
2133,W9J96W7CJ,clust0
2134,617Q9M568,clust0
2135,YRQNOTCWK,clust0
2136,36NFVAJH1,clust0
2137,CNOP4LYYJ,clust0
2138,PHPYCF9IB,clust0
2139,VQ9WMG6F1,clust0
2140,1RU52FTNN,clust0
2141,0XEVBL9SB,clust0
2142,GWZTO4XXN,clust0
2143,WLAQD49GU,clust0
2144,9WX6KQ1H0,clust0
2145,9O1SKE4QG,clust0
2146,JOSZ0HM23,clust0
2147,3FEZQBXER,clust0
2148,L3DXDDMDC,clust0
2149,8URHDTLBL,clust0
2150,9SPC8J5B4,clust0
2151,ZFK2G12F2,clust0
2152,AS2MAXQUV,clust0
2153,IKLI517P7,clust0
2154,XGSZV6WLJ,clust0
2155,7ZUK7SKSY,clust0
2156,M2A3RVFB0,clust0
2157,CFRI06D20,clust0
2158,E2XSLRT9W,clust0
2159,W1027HGHJ,clust0
2160,EXYGBOOYF,clust0
2161,9NBYFFROR,clust0
2162,UUH0ZMGWA,clust0
2163,QOMHGXNZA,clust0
2164,4OSVC88WV,clust0
2165,YTLW1EMSN,clust0
2166,CQY0EQK61,clust0
2167,06Z0VO4C6,clust0
2168,EIJCN0IDW,clust0
2169,LPLVLSP04,clust0
2170,KA006BT2C,clust0
2171,X8OXIOU9K,clust0
2172,SLGW3H8T0,clust0
2173,ESJ1FAJ40,clust0
2174,8WQE6ONT2,clust0
2175,53L29BRT1,clust0
2176,8X5L4IV8O,clust0
2177,K4Z1QLL1L,clust0
2178,ZEEPJNL8M,clust0
2179,XQ4VYF04Y,clust0
2180,825EZ1G0Z,clust0
2181,C00EBSN2W,clust0
2182,XSXWYJ8L7,clust0
2183,IF2YTIIEF,clust0
2184,3Y7Y7LZ8O,clust0
2185,5KBFQQQ7P,clust0
2186,VN7LYG1WZ,clust0
2187,REKOM2M0O,clust0
2188,7ZA0QD1VS,clust0
2189,7C61HW2MB,clust0
2190,YCXT663A9,clust0
2191,G93J4HR4M,clust0
2192,QDTFGBQMQ,clust0
2193,XMS496KXZ,clust0
2194,SZMEKZ5KR,clust0
2195,39JU8JKBR,clust0
2196,I33PO9D8V,clust0
2197,OYD418CG7,clust0
2198,YRPK3294F,clust0
2199,SGHJJFXS0,clust0
2200,RI5Y8Y7TG,clust0
2201,T7TLR2SH3,clust0
2202,NFNRY7WNR,clust0
2203,0DZR4DSBD,clust0
2204,1FZQN3I6D,clust0
2205,WJ8PJRCOB,clust0
2206,FSM8KIA1C,clust0
2207,J8PTVR9KH,clust0
2208,8L16CF1PH,clust0
2209,TFNGQCYAR,clust0
2210,G04KDKYWP,clust0
2211,1G8WIR9XP,clust0
2212,E33GB5L29,clust0
2213,MFWS3SIRD,clust0
2214,Y10KBDEW5,clust0
2215,94O1TR4LU,clust0
2216,T21L79M6J,clust0
2217,UITIHQ961,clust0
2218,I5LUWXUHT,clust0
2219,KRE666J3A,clust0
2220,9L83H9449,clust0
2221,VZQAFUMUS,clust0
2222,W5MR6EMWK,clust0
2223,5ZZ4G3I4F,clust0
2224,I3A5OKP6O,clust0
2225,YKAH3GN96,clust0
2226,8JD7SVTV9,clust0
2227,7LDUDA7IY,clust0
2228,X9MS0BT8P,clust0
2229,OR76ACPNX,clust0
2230,IGC9ZGRGY,clust0
2231,2S1OV85V9,clust0
2232,9291Q3VOH,clust0
2233,MZX1VPFF8,clust0
2234,N1S132RVA,clust0
2235,T0F8NBXSH,clust0
2236,RS17ACKEV,clust0
2237,SH8PXGGRQ,clust0
2238,GIKMYKHK2,clust0
2239,E1EUXASC1,clust0
2240,Z36ECQWO0,clust0
2241,SLAW54U8G,clust0
2242,ANMQFF5ZK,clust0
2243,9C39F1HK0,clust0
2244,ANZ4VNQNS,clust0
2245,CTSJO68LW,clust0
2246,27MXBHIEJ,clust0
2247,TLJGHTHBN,clust0
2248,5G2NVO4DN,clust0
2249,SZM5LRBI4,clust0
2250,D49HZ2TFV,clust0
2251,XJ2O5OCBM,clust0
2252,DIM4CIMWY,clust0
2253,GOJATA2NP,clust0
2254,TU1M27I2Q,clust0
2255,8QQ3LDLKE,clust0
2256,HV5RUKUK0,clust0
2257,SOPOZLX7Q,clust0
2258,W9FWHSLWO,clust0
2259,2CUUK239A,clust0
2260,HL44DRB12,clust0
2261,HK9I1ECBX,clust0
2262,G0LD9F60V,clust0
2263,HWLHSE4PZ,clust0
2264,9WHHJ70AI,clust0
2265,DS9AXNYK5,clust0
2266,REPWFSVVQ,clust0
2267,J3SFOINBS,clust0
2268,XGUW262YR,clust0
2269,LCT9D6YRL,clust0
2270,CDL6D0BNB,clust0
2271,N9DL827T2,clust0
2272,IOS4M81ZK,clust0
2273,OA2H5EO3K,clust0
2274,GSTZA7V0N,clust0
2275,VQW9EZR97,clust0
2276,1072SI687,clust0
2277,1MGD343KO,clust0
2278,27OQ6JKLC,clust0
2279,T5NG0Q8DC,clust0
2280,ULX0TRO3Y,clust0
2281,BM91N8S5H,clust0
2282,8699PFGGU,clust0
2283,PI1U8MWUY,clust0
2284,PWCRKTAZP,clust0
2285,2RWA2YWVR,clust0
2286,8MUQLXT4K,clust0
2287,J6748PD9V,clust0
2288,KBIICRJ93,clust0
2289,TH7E4CF5C,clust0
2290,8ZK0QWDAS,clust0
2291,19GVS3K3A,clust0
2292,VR6TSYA6J,clust0
2293,0GWA2YJVZ,clust0
2294,V8MBPM306,clust0
2295,TJYSDRWTK,clust0
2296,S5470W9IA,clust0
2297,1YASQNXL4,clust0
2298,3407CLUL1,clust0
2299,9UOXQOTUC,clust0
2300,PC2DOONQ4,clust0
2301,A301P3EJN,clust0
2302,SCT1XA3W8,clust0
2303,UZK48RUO5,clust0
2304,VT81SXBFT,clust0
2305,C1XJOAUWH,clust0
2306,ZKL7LXND0,clust0
2307,WCIVOITSJ,clust0
2308,JZQ40BWMD,clust0
2309,1HUZL0TKE,clust0
2310,BT6TPGGEO,clust0
2311,RD5DM149V,clust0
2312,Y2W3M5C12,clust0
2313,F388PHNQX,clust0
2314,5A1KN1SZX,clust0
2315,555EE1P21,clust0
2316,FFJD5INBR,clust0
2317,9FFDKDL9Z,clust0
2318,GVA788VP6,clust0
2319,PLNEC9K1M,clust0
2320,1BSY8FP4B,clust0
2321,D1GTUA1LG,clust0
2322,X59JAEVBB,clust0
2323,OWU1MOU7R,clust0
2324,39R3LAWJA,clust0
2325,JUH2F35X7,clust0
2326,7NA5KR8U8,clust0
2327,GQSDINOYB,clust0
2328,U98UII67V,clust0
2329,7H8U1OAC1,clust0
2330,3F46P6O5B,clust0
2331,0F1S5U5BR,clust0
2332,6D0HQY5W9,clust0
2333,3Z0LFJPDX,clust0
2334,E40RAMTQ3,clust0
2335,ZT3Y1SXPK,clust0
2336,W2J6EHXC9,clust0
2337,N7N8PYT1E,clust0
2338,AC2I0PR1Y,clust0
2339,UQDM9W5RX,clust0
2340,1CXCXSTT8,clust0
